tf,sym,col,nd,med_abs,p95_abs,max_abs,med_rel_pct,exact_pct
5m,adanient,open,32,4.0999755859375,13.104956054687495,17.800048828125,0.1367897967586378,9.375
5m,adanient,high,32,0.2498779296875,9.74990234374999,19.099853515625,0.008217847513842226,34.375
5m,adanient,low,32,0.10009765625,3.3698974609374996,18.0,0.003452982273207843,46.875
5m,adanient,close,32,0.0,0.0,9.699951171875,0.0,96.875
5m,adaniports,open,32,2.3499755859375,10.594995117187498,13.0,0.13644070199014272,6.25
5m,adaniports,high,32,0.300048828125,3.6250244140624996,11.9000244140625,0.017138591850431196,28.125
5m,adaniports,low,32,0.29998779296875,2.9699951171874996,7.5999755859375,0.017354196531475963,21.875
5m,adaniports,close,32,0.0,0.0,0.0,0.0,100.0
5m,apollohosp,open,32,11.25,41.44999999999999,65.5,0.1307594557700904,9.375
5m,apollohosp,high,32,1.5,25.299999999999997,34.0,0.017682045662797137,31.25
5m,apollohosp,low,32,1.25,8.0,12.0,0.014450045988812955,18.75
5m,apollohosp,close,32,0.0,0.0,0.0,0.0,100.0
5m,asianpaint,open,32,3.64990234375,16.5050537109375,28.199951171875,0.1459116301919576,6.25
5m,asianpaint,high,32,0.89990234375,11.569946289062498,21.199951171875,0.03455977034798947,40.625
5m,asianpaint,low,32,0.2998046875,2.08997802734375,7.60009765625,0.012084666326006275,25.0
5m,asianpaint,close,32,0.0,0.0,0.0,0.0,100.0
5m,axisbank,open,32,1.20001220703125,7.63502197265625,10.199951171875,0.09789775912281132,12.5
5m,axisbank,high,32,0.0999755859375,3.765032958984374,7.5,0.007885757791314433,43.75
5m,axisbank,low,32,0.199951171875,1.8900268554687498,2.5,0.016520151139749664,25.0
5m,axisbank,close,32,0.0,0.0,0.0,0.0,100.0
5m,bajajauto,open,32,16.0,62.79999999999998,80.0,0.1369952592098214,3.125
5m,bajajauto,high,32,3.0,25.45,93.0,0.025083292904409252,34.375
5m,bajajauto,low,32,1.0,15.049999999999994,27.0,0.008896118338111393,37.5
5m,bajajauto,close,32,0.0,0.0,0.0,0.0,100.0
5m,bajajfinsv,open,32,3.0,10.229986572265624,27.5,0.16769395073876922,9.375
5m,bajajfinsv,high,32,0.2499999999998863,4.630010986328021,7.39990234375,0.013158588649271082,34.375
5m,bajajfinsv,low,32,0.09997558593761369,4.6699890136717706,13.300048828125,0.005439735318190986,40.625
5m,bajajfinsv,close,32,0.0,0.0,0.0,0.0,100.0
5m,bajfinance,open,32,1.0,6.6150268554687495,8.800048828125,0.09896500752409039,3.125
5m,bajfinance,high,32,0.19998168945306816,3.1800109863280737,4.0999755859375,0.0195251660968583,34.375
5m,bajfinance,low,32,0.10003662109380684,1.4900024414062498,3.0999755859375,0.009741827291541407,43.75
5m,bajfinance,close,32,0.0,0.0,0.0,0.0,100.0
5m,bel,open,32,0.5499877929688068,1.7950027465820568,3.450012207031307,0.1345145235421049,9.375
5m,bel,high,32,0.0500030517578125,0.6450088500976817,0.899993896484375,0.012671385742510994,40.625
5m,bel,low,32,0.0,0.5,0.6499938964844318,0.0,53.125
5m,bel,close,32,0.0,0.0,0.0,0.0,100.0
5m,bhartiartl,open,32,1.9000244140627274,6.440002441406147,8.300048828125,0.10306615426267408,9.375
5m,bhartiartl,high,32,0.2000122070313637,2.9699401855468746,4.800048828125,0.011167142779215766,34.375
5m,bhartiartl,low,32,0.0999755859375,3.004986572265499,11.0,0.005495882295229482,40.625
5m,bhartiartl,close,32,0.0,0.0,0.0,0.0,100.0
5m,cipla,open,32,2.04998779296875,6.435015869140625,8.300048828125,0.14900022055640327,12.5
5m,cipla,high,32,0.25,4.070037841796875,5.300048828125,0.017795512599764474,28.125
5m,cipla,low,32,0.300048828125,2.7249999999999996,3.2000732421875,0.02160105399959321,21.875
5m,cipla,close,32,0.0,0.0,0.0,0.0,100.0
5m,coalindia,open,32,1.6000061035155966,5.480486072228558,5.950030418082804,0.3787129721146529,3.125
5m,coalindia,high,32,0.29998779296875,5.155652810983358,5.2556064792153165,0.06966430938272408,21.875
5m,coalindia,low,32,0.22500610351559658,5.6055769637113,6.3806332581780225,0.05382850379147445,12.5
5m,coalindia,close,32,0.0,5.1472244262695055,5.25,0.0,59.375
5m,drreddy,open,32,2.0999755859375,6.330029296874999,9.0,0.17460912590963254,9.375
5m,drreddy,high,32,0.35003662109375,2.9099975585937488,4.2000732421875,0.02956966418525967,28.125
5m,drreddy,low,32,0.35003662109375,2.399957275390625,4.0,0.029249408291762872,31.25
5m,drreddy,close,32,0.0,0.0,1.0,0.0,96.875
5m,eichermot,open,32,8.75,33.9,40.5,0.11530994023517668,12.5
5m,eichermot,high,32,2.0,24.249999999999996,45.0,0.02625637565357705,21.875
5m,eichermot,low,32,0.5,3.7249999999999996,8.0,0.0064780232254890695,46.875
5m,eichermot,close,32,0.0,0.0,0.0,0.0,100.0
5m,eternal,open,32,0.3000030517578125,2.2324951171874994,3.350006103515625,0.09446253533840411,21.875
5m,eternal,high,32,0.04998779296875,0.3950088500976562,0.850006103515625,0.015297463309719414,28.125
5m,eternal,low,32,0.100006103515625,0.7924972534179683,2.95001220703125,0.03071916800536797,34.375
5m,eternal,close,32,0.0,0.0,0.0,0.0,100.0
5m,grasim,open,32,5.3499755859375,19.114892578124998,24.89990234375,0.1618080705079737,0.0
5m,grasim,high,32,1.050048828125,15.6699462890625,19.39990234375,0.03206021101747643,28.125
5m,grasim,low,32,0.0,4.445043945312499,6.89990234375,0.0,56.25
5m,grasim,close,32,0.0,0.0,0.0,0.0,100.0
5m,hcltech,open,32,1.79998779296875,8.699981689453123,10.9000244140625,0.14271088706976362,6.25
5m,hcltech,high,32,0.1500244140625,4.550030517578124,8.2000732421875,0.011735814070053311,40.625
5m,hcltech,low,32,0.199951171875,2.984991455078124,7.699951171875,0.01548262508512859,37.5
5m,hcltech,close,32,0.0,0.0,0.0,0.0,100.0
5m,hdfcbank,open,32,1.0,3.2775146484374993,4.0,0.13926534512197114,3.125
5m,hdfcbank,high,32,0.024993896484375,0.7400299072265624,1.4000244140625,0.0033648218760258287,50.0
5m,hdfcbank,low,32,0.050018310546875,2.482492065429687,3.29998779296875,0.007212919805846596,34.375
5m,hdfcbank,close,32,0.0,0.0,0.0,0.0,100.0
5m,hdfclife,open,32,1.225006103515625,3.867498779296875,4.199951171875,0.22970663733439803,9.375
5m,hdfclife,high,32,0.050018310546875,2.440042114257812,3.25,0.009175385068674458,40.625
5m,hdfclife,low,32,0.14997863769528408,0.8525024414062496,1.89996337890625,0.02721187990899528,31.25
5m,hdfclife,close,32,0.0,0.0,0.0,0.0,100.0
5m,hindalco,open,32,1.300018310546875,4.859994506835988,5.400024414062386,0.12483216089421083,9.375
5m,hindalco,high,32,0.14996337890625,3.1250244140624486,6.300048828124773,0.014981048504502796,40.625
5m,hindalco,low,32,0.1500244140623863,2.8249755859376133,3.2000732421875,0.015153732641662518,31.25
5m,hindalco,close,32,0.0,0.0,0.0,0.0,100.0
5m,hindunilvr,open,32,0.8500366210938637,5.205035400390748,13.900024414062727,0.043313320303164086,12.5
5m,hindunilvr,high,32,0.5999755859372726,6.165002441406021,7.0999755859375,0.030189302476014267,28.125
5m,hindunilvr,low,32,0.1500244140625,2.0800354003906247,2.7999267578122726,0.00797364749255567,40.625
5m,hindunilvr,close,32,0.0,0.0,0.0,0.0,100.0
5m,icicibank,open,32,1.04998779296875,4.514984130859374,7.699951171875,0.07511227060357988,3.125
5m,icicibank,high,32,0.0999755859375,1.4699951171874996,5.9000244140625,0.007415268634445086,43.75
5m,icicibank,low,32,0.10003662109375,2.0249267578124996,6.0999755859375,0.007717235987727536,37.5
5m,icicibank,close,32,0.0,0.0,0.0,0.0,100.0
5m,indigo,open,32,9.25,31.525,42.5,0.18169879529749272,3.125
5m,indigo,high,32,1.050048828125,11.199999999999996,27.0,0.021173696346973084,25.0
5m,indigo,low,32,1.0,7.849999999999998,39.5,0.01970496894409938,34.375
5m,indigo,close,32,0.0,0.0,0.0,0.0,100.0
5m,infy,open,32,0.95001220703125,4.445013427734375,9.5,0.08713692768405167,12.5
5m,infy,high,32,0.25,3.300048828125,9.5,0.022767985045834094,31.25
5m,infy,low,32,0.199951171875,1.1250244140624996,2.2999267578125,0.017926530317632847,37.5
5m,infy,close,32,0.0,0.0,0.0,0.0,100.0
5m,itc,open,32,0.20001220703125,0.7900039672851561,1.04998779296875,0.07686936975644504,12.5
5m,itc,high,32,0.04998779296875,0.41750335693359364,0.600006103515625,0.018660336759504036,46.875
5m,itc,low,32,0.0749969482421875,0.3449905395507812,0.449981689453125,0.028110351484870507,28.125
5m,itc,close,32,0.0,0.0,8.899993896484375,0.0,96.875
5m,jiofin,open,32,0.25,0.7835037231445469,0.9900054931640341,0.10469018934682008,12.5
5m,jiofin,high,32,0.0500030517578125,0.6285026550292939,0.7799987792969318,0.020950667585373037,28.125
5m,jiofin,low,32,0.0,0.27699890136720023,0.32000732421875,0.0,56.25
5m,jiofin,close,32,0.0,0.0,0.0,0.0,100.0
5m,jswsteel,open,32,1.95001220703125,5.369964599609375,9.300048828125,0.14687852786613972,9.375
5m,jswsteel,high,32,0.45001220703125,3.4599975585937495,4.300048828125,0.03452065904867225,31.25
5m,jswsteel,low,32,0.10003662109375,1.0,1.0999755859375,0.007851318681912682,37.5
5m,jswsteel,close,32,0.0,0.0,0.0,0.0,100.0
5m,kotakbank,open,32,0.5,1.657502746582031,2.25,0.12497764586873604,21.875
5m,kotakbank,high,32,0.05001831054693184,0.6999954223633125,1.100006103515625,0.012450496780632016,25.0
5m,kotakbank,low,32,0.04998779296880684,0.5400039672851618,1.2000122070313068,0.012097028521511798,37.5
5m,kotakbank,close,32,0.0,0.0,0.14999389648431816,0.0,96.875
5m,lt,open,32,4.050048828125,10.830017089843748,14.0,0.10233595719307366,9.375
5m,lt,high,32,0.300048828125,4.229919433593749,8.5,0.007607603859003068,31.25
5m,lt,low,32,0.2501220703125,4.449999999999999,7.10009765625,0.006417118888042651,40.625
5m,lt,close,32,0.0,0.0,0.0,0.0,100.0
5m,m&m,open,32,4.949951171875,17.235009765625,20.0,0.1600434883481201,6.25
5m,m&m,high,32,0.1500244140625,8.669946289062493,21.39990234375,0.004385463358797081,43.75
5m,m&m,low,32,0.0499267578125,7.460009765624999,12.0,0.0014810227037521512,50.0
5m,m&m,close,32,0.0,0.0,5.0,0.0,96.875
5m,maruti,open,32,24.5,71.99999999999999,93.0,0.18958719375909067,15.625
5m,maruti,high,32,3.0,39.8,86.0,0.024128765065032146,34.375
5m,maruti,low,32,1.0,14.84999999999999,30.0,0.007593080271183248,46.875
5m,maruti,close,32,0.0,0.0,44.0,0.0,96.875
5m,maxhealth,open,32,2.549987792968807,8.09997863769526,13.29998779296875,0.25605187972472854,9.375
5m,maxhealth,high,32,0.25003051757795447,5.134994506835988,6.099975585937614,0.025031734946157676,37.5
5m,maxhealth,low,32,0.34997558593755684,3.6299865722656226,6.5999755859375,0.034240406043384214,25.0
5m,maxhealth,close,32,0.0,0.0,0.0,0.0,100.0
5m,nestleind,open,32,1.4000244140625,14.954992675781238,27.10009765625,0.10090691072069911,6.25
5m,nestleind,high,32,0.54998779296875,3.4050109863281244,23.7000732421875,0.03928670454995325,21.875
5m,nestleind,low,32,0.29998779296875,2.329962158203124,5.199951171875,0.02135484316804746,25.0
5m,nestleind,close,32,0.0,0.0,0.0,0.0,100.0
5m,ntpc,open,32,0.95001220703125,4.28281620455082,4.601531328769397,0.2868002219905232,3.125
5m,ntpc,high,32,0.274993896484375,3.6257116617601524,3.664033416453208,0.0830433094860744,21.875
5m,ntpc,low,32,0.3000030517578125,3.856081981323916,6.468395346615125,0.0904132592341949,9.375
5m,ntpc,close,32,0.0,3.629924011230469,3.633575439453125,0.0,65.625
5m,ongc,open,32,0.41212434671196263,1.195269152191699,1.4894562162119769,0.17484172446804766,9.375
5m,ongc,high,32,0.23000335693357954,0.9991752081711993,1.022458682318927,0.09747662131734632,18.75
5m,ongc,low,32,0.14999389648440342,1.2211961982685593,1.6985628096452956,0.0643976657276244,18.75
5m,ongc,close,32,0.0,1.009423065185534,1.01483154296875,0.0,59.375
5m,powergrid,open,32,0.25,0.8450042724609375,1.399993896484375,0.09427235147408328,12.5
5m,powergrid,high,32,0.100006103515625,0.6724884033203125,0.70001220703125,0.0372082039487218,18.75
5m,powergrid,low,32,0.0,0.22250671386718746,0.3499755859375,0.0,56.25
5m,powergrid,close,32,0.0,0.0,0.0,0.0,100.0
5m,reliance,open,32,0.75,2.644964599609375,4.5,0.06071555466701922,12.5
5m,reliance,high,32,0.10003662109375,0.8900268554687498,1.5999755859375,0.00793361280505471,28.125
5m,reliance,low,32,0.04998779296875,1.344970703125,4.5,0.003932949879523997,50.0
5m,reliance,close,32,0.0,0.0,0.0,0.0,100.0
5m,sbilife,open,32,4.04998779296875,8.570037841796875,9.5,0.2334939206262653,6.25
5m,sbilife,high,32,0.54998779296875,5.779986572265624,8.0,0.031759979620550126,25.0
5m,sbilife,low,32,0.2000732421875,4.070037841796875,13.300048828125,0.01162940220354071,25.0
5m,sbilife,close,32,0.0,0.0,0.199951171875,0.0,96.875
5m,sbin,open,32,1.0,2.7000732421875,3.2000732421875,0.10005606550988512,9.375
5m,sbin,high,32,0.0999755859375,1.3350402832031247,1.8999633789063637,0.009480402931728025,40.625
5m,sbin,low,32,0.10000610351556816,1.1599487304687495,2.1999511718752274,0.009704529932520555,40.625
5m,sbin,close,32,0.0,0.0,0.0,0.0,100.0
5m,shriramfin,open,32,1.9500122070311932,6.725,11.0,0.1807665271419111,9.375
5m,shriramfin,high,32,0.20001220703125,2.9449890136718735,6.5,0.020044474428906434,25.0
5m,shriramfin,low,32,0.09997558593755684,1.260018920898437,2.70001220703125,0.009905091387470377,28.125
5m,shriramfin,close,32,0.0,0.0,0.0,0.0,100.0
5m,sunpharma,open,32,2.9000244140625,8.024993896484375,10.60009765625,0.1512217854646172,0.0
5m,sunpharma,high,32,0.09997558593738631,3.4950439453124993,7.099975585937273,0.005295968501046109,40.625
5m,sunpharma,low,32,0.3500366210939774,2.89002685546875,10.60009765625,0.018338232817894717,28.125
5m,sunpharma,close,32,0.0,0.0,0.0,0.0,100.0
5m,tataconsum,open,32,0.95001220703125,4.225,5.0,0.09248637529725916,12.5
5m,tataconsum,high,32,0.5,3.445013427734375,4.5,0.04738634944552841,18.75
5m,tataconsum,low,32,0.09997558593761369,1.6999786376952613,2.6000366210936363,0.010144658718662112,37.5
5m,tataconsum,close,32,0.0,0.0,3.20001220703125,0.0,96.875
5m,tatasteel,open,32,0.2050018310547017,0.6119949340820595,0.7400054931640909,0.10990432851583842,9.375
5m,tatasteel,high,32,0.02999877929686079,0.33449935913087786,0.3600006103515909,0.015914146883620188,31.25
5m,tatasteel,low,32,0.01999664306640625,0.21349639892576844,0.23001098632809658,0.010812306953646569,31.25
5m,tatasteel,close,32,0.0,0.0,0.0,0.0,100.0
5m,tcs,open,32,3.1500244140625,13.019848632812499,14.0,0.1500385959194004,9.375
5m,tcs,high,32,0.5499267578125,3.78992919921875,7.300048828125,0.02489869536359571,25.0
5m,tcs,low,32,0.2501220703125,2.329974365234499,8.800048828125,0.011146458803372596,34.375
5m,tcs,close,32,0.0,0.0,0.0,0.0,100.0
5m,techm,open,32,2.70001220703125,9.3249755859375,18.5999755859375,0.17293594903702506,3.125
5m,techm,high,32,0.199951171875,9.71500244140625,11.5999755859375,0.012663103222192471,34.375
5m,techm,low,32,0.14996337890625,3.08997802734375,5.4000244140625,0.009681402306935333,34.375
5m,techm,close,32,0.0,0.0,0.0,0.0,100.0
5m,titan,open,32,8.199951171875,22.174999999999997,48.0,0.1625707762527144,3.125
5m,titan,high,32,1.0,9.344946289062499,18.0,0.020135099973315366,34.375
5m,titan,low,32,0.0,5.284838867187499,7.5,0.0,56.25
5m,titan,close,32,0.0,0.0,0.0,0.0,100.0
5m,tmpv,open,32,0.5,1.245014953613281,3.54998779296875,0.17267464363171586,9.375
5m,tmpv,high,32,0.100006103515625,1.2325088500976555,3.29998779296875,0.033063441147237534,31.25
5m,tmpv,low,32,0.100006103515625,0.34998931884765627,0.9000244140625,0.03211097547310404,34.375
5m,tmpv,close,32,0.0,0.0,0.0,0.0,100.0
5m,trent,open,32,3.949951171875,11.714990234375,13.10009765625,0.13832231813758564,9.375
5m,trent,high,32,0.2498779296875,5.029968261718749,9.699951171875,0.008891691022723188,34.375
5m,trent,low,32,0.300048828125,2.965039062499999,4.199951171875,0.010310620581643786,34.375
5m,trent,close,32,0.0,0.0,0.0,0.0,100.0
5m,ultracemco,open,32,20.5,47.9,50.0,0.18237974507995522,6.25
5m,ultracemco,high,32,1.5,52.999999999999986,75.0,0.0132154783508352,18.75
5m,ultracemco,low,32,1.0,11.45,19.0,0.008777320015248023,40.625
5m,ultracemco,close,32,0.0,0.0,0.0,0.0,100.0
5m,wipro,open,32,0.07999420166015625,0.7619995117187497,0.959991455078125,0.04585170602300853,28.125
5m,wipro,high,32,0.0699920654296875,0.2725013732910156,0.38999938964849434,0.040136991935072,18.75
5m,wipro,low,32,0.02500152587890625,0.18349761962890623,0.2100067138671875,0.015678786282442056,31.25
5m,wipro,close,32,0.0,0.0,1.0,0.0,96.875
15m,adanient,open,32,4.0999755859375,13.104956054687495,17.800048828125,0.1367897967586378,9.375
15m,adanient,high,32,0.2498779296875,9.74990234374999,19.099853515625,0.008217847513842226,34.375
15m,adanient,low,32,0.10009765625,3.3698974609374996,18.0,0.003452982273207843,46.875
15m,adanient,close,32,0.0,0.0,9.699951171875,0.0,96.875
15m,adaniports,open,32,2.3499755859375,10.594995117187498,13.0,0.13644070199014272,6.25
15m,adaniports,high,32,0.300048828125,3.6250244140624996,11.9000244140625,0.017138591850431196,28.125
15m,adaniports,low,32,0.29998779296875,2.9699951171874996,7.5999755859375,0.017354196531475963,21.875
15m,adaniports,close,32,0.0,0.0,0.0,0.0,100.0
15m,apollohosp,open,32,11.25,41.44999999999999,65.5,0.1307594557700904,9.375
15m,apollohosp,high,32,1.5,25.299999999999997,34.0,0.017682045662797137,31.25
15m,apollohosp,low,32,1.25,8.0,12.0,0.014450045988812955,18.75
15m,apollohosp,close,32,0.0,0.0,0.0,0.0,100.0
15m,asianpaint,open,32,3.64990234375,16.5050537109375,28.199951171875,0.1459116301919576,6.25
15m,asianpaint,high,32,0.89990234375,11.569946289062498,21.199951171875,0.03455977034798947,40.625
15m,asianpaint,low,32,0.2998046875,2.08997802734375,7.60009765625,0.012084666326006275,25.0
15m,asianpaint,close,32,0.0,0.0,0.0,0.0,100.0
15m,axisbank,open,32,1.20001220703125,7.63502197265625,10.199951171875,0.09789775912281132,12.5
15m,axisbank,high,32,0.0999755859375,3.765032958984374,7.5,0.007885757791314433,43.75
15m,axisbank,low,32,0.199951171875,1.8900268554687498,2.5,0.016520151139749664,25.0
15m,axisbank,close,32,0.0,0.0,0.0,0.0,100.0
15m,bajajauto,open,32,16.0,62.79999999999998,80.0,0.1369952592098214,3.125
15m,bajajauto,high,32,3.0,25.45,93.0,0.025083292904409252,34.375
15m,bajajauto,low,32,1.0,15.049999999999994,27.0,0.008896118338111393,37.5
15m,bajajauto,close,32,0.0,0.0,0.0,0.0,100.0
15m,bajajfinsv,open,32,3.0,10.229986572265624,27.5,0.16769395073876922,9.375
15m,bajajfinsv,high,32,0.2499999999998863,4.630010986328021,7.39990234375,0.013158588649271082,34.375
15m,bajajfinsv,low,32,0.09997558593761369,4.6699890136717706,13.300048828125,0.005439735318190986,40.625
15m,bajajfinsv,close,32,0.0,0.0,0.0,0.0,100.0
15m,bajfinance,open,32,1.0,6.6150268554687495,8.800048828125,0.09896500752409039,3.125
15m,bajfinance,high,32,0.19998168945306816,3.1800109863280737,4.0999755859375,0.0195251660968583,34.375
15m,bajfinance,low,32,0.10003662109380684,1.4900024414062498,3.0999755859375,0.009741827291541407,43.75
15m,bajfinance,close,32,0.0,0.0,0.0,0.0,100.0
15m,bel,open,32,0.5499877929688068,1.7950027465820568,3.450012207031307,0.1345145235421049,9.375
15m,bel,high,32,0.0500030517578125,0.6450088500976817,0.899993896484375,0.012671385742510994,40.625
15m,bel,low,32,0.0,0.5,0.6499938964844318,0.0,53.125
15m,bel,close,32,0.0,0.0,0.0,0.0,100.0
15m,bhartiartl,open,32,1.9000244140627274,6.440002441406147,8.300048828125,0.10306615426267408,9.375
15m,bhartiartl,high,32,0.2000122070313637,2.9699401855468746,4.800048828125,0.011167142779215766,34.375
15m,bhartiartl,low,32,0.0999755859375,3.004986572265499,11.0,0.005495882295229482,40.625
15m,bhartiartl,close,32,0.0,0.0,0.0,0.0,100.0
15m,cipla,open,32,2.04998779296875,6.435015869140625,8.300048828125,0.14900022055640327,12.5
15m,cipla,high,32,0.25,4.070037841796875,5.300048828125,0.017795512599764474,28.125
15m,cipla,low,32,0.300048828125,2.7249999999999996,3.2000732421875,0.02160105399959321,21.875
15m,cipla,close,32,0.0,0.0,0.0,0.0,100.0
15m,coalindia,open,32,1.6000061035155966,5.480486072228558,5.950030418082804,0.3787129721146529,3.125
15m,coalindia,high,32,0.29998779296875,5.155652810983358,5.2556064792153165,0.06966430938272408,21.875
15m,coalindia,low,32,0.22500610351559658,5.6055769637113,6.3806332581780225,0.05382850379147445,12.5
15m,coalindia,close,32,0.0,5.1472244262695055,5.25,0.0,59.375
15m,drreddy,open,32,2.0999755859375,6.330029296874999,9.0,0.17460912590963254,9.375
15m,drreddy,high,32,0.35003662109375,2.9099975585937488,4.2000732421875,0.02956966418525967,28.125
15m,drreddy,low,32,0.35003662109375,2.399957275390625,4.0,0.029249408291762872,31.25
15m,drreddy,close,32,0.0,0.0,1.0,0.0,96.875
15m,eichermot,open,32,8.75,33.9,40.5,0.11530994023517668,12.5
15m,eichermot,high,32,2.0,24.249999999999996,45.0,0.02625637565357705,21.875
15m,eichermot,low,32,0.5,3.7249999999999996,8.0,0.0064780232254890695,46.875
15m,eichermot,close,32,0.0,0.0,0.0,0.0,100.0
15m,eternal,open,32,0.3000030517578125,2.2324951171874994,3.350006103515625,0.09446253533840411,21.875
15m,eternal,high,32,0.04998779296875,0.3950088500976562,0.850006103515625,0.015297463309719414,28.125
15m,eternal,low,32,0.100006103515625,0.7924972534179683,2.95001220703125,0.03071916800536797,34.375
15m,eternal,close,32,0.0,0.0,0.0,0.0,100.0
15m,grasim,open,32,5.3499755859375,19.114892578124998,24.89990234375,0.1618080705079737,0.0
15m,grasim,high,32,1.050048828125,15.6699462890625,19.39990234375,0.03206021101747643,28.125
15m,grasim,low,32,0.0,4.445043945312499,6.89990234375,0.0,56.25
15m,grasim,close,32,0.0,0.0,0.0,0.0,100.0
15m,hcltech,open,32,1.79998779296875,8.699981689453123,10.9000244140625,0.14271088706976362,6.25
15m,hcltech,high,32,0.1500244140625,4.550030517578124,8.2000732421875,0.011735814070053311,40.625
15m,hcltech,low,32,0.199951171875,2.984991455078124,7.699951171875,0.01548262508512859,37.5
15m,hcltech,close,32,0.0,0.0,0.0,0.0,100.0
15m,hdfcbank,open,32,1.0,3.2775146484374993,4.0,0.13926534512197114,3.125
15m,hdfcbank,high,32,0.024993896484375,0.7400299072265624,1.4000244140625,0.0033648218760258287,50.0
15m,hdfcbank,low,32,0.050018310546875,2.482492065429687,3.29998779296875,0.007212919805846596,34.375
15m,hdfcbank,close,32,0.0,0.0,0.0,0.0,100.0
15m,hdfclife,open,32,1.225006103515625,3.867498779296875,4.199951171875,0.22970663733439803,9.375
15m,hdfclife,high,32,0.050018310546875,2.440042114257812,3.25,0.009175385068674458,40.625
15m,hdfclife,low,32,0.14997863769528408,0.8525024414062496,1.89996337890625,0.02721187990899528,31.25
15m,hdfclife,close,32,0.0,0.0,0.0,0.0,100.0
15m,hindalco,open,32,1.300018310546875,4.859994506835988,5.400024414062386,0.12483216089421083,9.375
15m,hindalco,high,32,0.14996337890625,3.1250244140624486,6.300048828124773,0.014981048504502796,40.625
15m,hindalco,low,32,0.1500244140623863,2.8249755859376133,3.2000732421875,0.015153732641662518,31.25
15m,hindalco,close,32,0.0,0.0,0.0,0.0,100.0
15m,hindunilvr,open,32,0.8500366210938637,5.205035400390748,13.900024414062727,0.043313320303164086,12.5
15m,hindunilvr,high,32,0.5999755859372726,6.165002441406021,7.0999755859375,0.030189302476014267,28.125
15m,hindunilvr,low,32,0.1500244140625,2.0800354003906247,2.7999267578122726,0.00797364749255567,40.625
15m,hindunilvr,close,32,0.0,0.0,0.0,0.0,100.0
15m,icicibank,open,32,1.04998779296875,4.514984130859374,7.699951171875,0.07511227060357988,3.125
15m,icicibank,high,32,0.0999755859375,1.4699951171874996,5.9000244140625,0.007415268634445086,43.75
15m,icicibank,low,32,0.10003662109375,2.0249267578124996,6.0999755859375,0.007717235987727536,37.5
15m,icicibank,close,32,0.0,0.0,0.0,0.0,100.0
15m,indigo,open,32,9.25,31.525,42.5,0.18169879529749272,3.125
15m,indigo,high,32,1.050048828125,11.199999999999996,27.0,0.021173696346973084,25.0
15m,indigo,low,32,1.0,7.849999999999998,39.5,0.01970496894409938,34.375
15m,indigo,close,32,0.0,0.0,0.0,0.0,100.0
15m,infy,open,32,0.95001220703125,4.445013427734375,9.5,0.08713692768405167,12.5
15m,infy,high,32,0.25,3.300048828125,9.5,0.022767985045834094,31.25
15m,infy,low,32,0.199951171875,1.1250244140624996,2.2999267578125,0.017926530317632847,37.5
15m,infy,close,32,0.0,0.0,0.0,0.0,100.0
15m,itc,open,32,0.20001220703125,0.7900039672851561,1.04998779296875,0.07686936975644504,12.5
15m,itc,high,32,0.04998779296875,0.41750335693359364,0.600006103515625,0.018660336759504036,46.875
15m,itc,low,32,0.0749969482421875,0.3449905395507812,0.449981689453125,0.028110351484870507,28.125
15m,itc,close,32,0.0,0.0,8.899993896484375,0.0,96.875
15m,jiofin,open,32,0.25,0.7835037231445469,0.9900054931640341,0.10469018934682008,12.5
15m,jiofin,high,32,0.0500030517578125,0.6285026550292939,0.7799987792969318,0.020950667585373037,28.125
15m,jiofin,low,32,0.0,0.27699890136720023,0.32000732421875,0.0,56.25
15m,jiofin,close,32,0.0,0.0,0.0,0.0,100.0
15m,jswsteel,open,32,1.95001220703125,5.369964599609375,9.300048828125,0.14687852786613972,9.375
15m,jswsteel,high,32,0.45001220703125,3.4599975585937495,4.300048828125,0.03452065904867225,31.25
15m,jswsteel,low,32,0.10003662109375,1.0,1.0999755859375,0.007851318681912682,37.5
15m,jswsteel,close,32,0.0,0.0,0.0,0.0,100.0
15m,kotakbank,open,32,0.5,1.657502746582031,2.25,0.12497764586873604,21.875
15m,kotakbank,high,32,0.05001831054693184,0.6999954223633125,1.100006103515625,0.012450496780632016,25.0
15m,kotakbank,low,32,0.04998779296880684,0.5400039672851618,1.2000122070313068,0.012097028521511798,37.5
15m,kotakbank,close,32,0.0,0.0,0.14999389648431816,0.0,96.875
15m,lt,open,32,4.050048828125,10.830017089843748,14.0,0.10233595719307366,9.375
15m,lt,high,32,0.300048828125,4.229919433593749,8.5,0.007607603859003068,31.25
15m,lt,low,32,0.2501220703125,4.449999999999999,7.10009765625,0.006417118888042651,40.625
15m,lt,close,32,0.0,0.0,0.0,0.0,100.0
15m,m&m,open,32,4.949951171875,17.235009765625,20.0,0.1600434883481201,6.25
15m,m&m,high,32,0.1500244140625,8.669946289062493,21.39990234375,0.004385463358797081,43.75
15m,m&m,low,32,0.0499267578125,7.460009765624999,12.0,0.0014810227037521512,50.0
15m,m&m,close,32,0.0,0.0,5.0,0.0,96.875
15m,maruti,open,32,24.5,71.99999999999999,93.0,0.18958719375909067,15.625
15m,maruti,high,32,3.0,39.8,86.0,0.024128765065032146,34.375
15m,maruti,low,32,1.0,14.84999999999999,30.0,0.007593080271183248,46.875
15m,maruti,close,32,0.0,0.0,44.0,0.0,96.875
15m,maxhealth,open,32,2.549987792968807,8.09997863769526,13.29998779296875,0.25605187972472854,9.375
15m,maxhealth,high,32,0.25003051757795447,5.134994506835988,6.099975585937614,0.025031734946157676,37.5
15m,maxhealth,low,32,0.34997558593755684,3.6299865722656226,6.5999755859375,0.034240406043384214,25.0
15m,maxhealth,close,32,0.0,0.0,0.0,0.0,100.0
15m,nestleind,open,32,1.4000244140625,14.954992675781238,27.10009765625,0.10090691072069911,6.25
15m,nestleind,high,32,0.54998779296875,3.4050109863281244,23.7000732421875,0.03928670454995325,21.875
15m,nestleind,low,32,0.29998779296875,2.329962158203124,5.199951171875,0.02135484316804746,25.0
15m,nestleind,close,32,0.0,0.0,0.0,0.0,100.0
15m,ntpc,open,32,0.95001220703125,4.28281620455082,4.601531328769397,0.2868002219905232,3.125
15m,ntpc,high,32,0.274993896484375,3.6257116617601524,3.664033416453208,0.0830433094860744,21.875
15m,ntpc,low,32,0.3000030517578125,3.856081981323916,6.468395346615125,0.0904132592341949,9.375
15m,ntpc,close,32,0.0,3.629924011230469,3.633575439453125,0.0,65.625
15m,ongc,open,32,0.41212434671196263,1.195269152191699,1.4894562162119769,0.17484172446804766,9.375
15m,ongc,high,32,0.23000335693357954,0.9991752081711993,1.022458682318927,0.09747662131734632,18.75
15m,ongc,low,32,0.14999389648440342,1.2211961982685593,1.6985628096452956,0.0643976657276244,18.75
15m,ongc,close,32,0.0,1.009423065185534,1.01483154296875,0.0,59.375
15m,powergrid,open,32,0.25,0.8450042724609375,1.399993896484375,0.09427235147408328,12.5
15m,powergrid,high,32,0.100006103515625,0.6724884033203125,0.70001220703125,0.0372082039487218,18.75
15m,powergrid,low,32,0.0,0.22250671386718746,0.3499755859375,0.0,56.25
15m,powergrid,close,32,0.0,0.0,0.0,0.0,100.0
15m,reliance,open,32,0.75,2.644964599609375,4.5,0.06071555466701922,12.5
15m,reliance,high,32,0.10003662109375,0.8900268554687498,1.5999755859375,0.00793361280505471,28.125
15m,reliance,low,32,0.04998779296875,1.344970703125,4.5,0.003932949879523997,50.0
15m,reliance,close,32,0.0,0.0,0.0,0.0,100.0
15m,sbilife,open,32,4.04998779296875,8.570037841796875,9.5,0.2334939206262653,6.25
15m,sbilife,high,32,0.54998779296875,5.779986572265624,8.0,0.031759979620550126,25.0
15m,sbilife,low,32,0.2000732421875,4.070037841796875,13.300048828125,0.01162940220354071,25.0
15m,sbilife,close,32,0.0,0.0,0.199951171875,0.0,96.875
15m,sbin,open,32,1.0,2.7000732421875,3.2000732421875,0.10005606550988512,9.375
15m,sbin,high,32,0.0999755859375,1.3350402832031247,1.8999633789063637,0.009480402931728025,40.625
15m,sbin,low,32,0.10000610351556816,1.1599487304687495,2.1999511718752274,0.009704529932520555,40.625
15m,sbin,close,32,0.0,0.0,0.0,0.0,100.0
15m,shriramfin,open,32,1.9500122070311932,6.725,11.0,0.1807665271419111,9.375
15m,shriramfin,high,32,0.20001220703125,2.9449890136718735,6.5,0.020044474428906434,25.0
15m,shriramfin,low,32,0.09997558593755684,1.260018920898437,2.70001220703125,0.009905091387470377,28.125
15m,shriramfin,close,32,0.0,0.0,0.0,0.0,100.0
15m,sunpharma,open,32,2.9000244140625,8.024993896484375,10.60009765625,0.1512217854646172,0.0
15m,sunpharma,high,32,0.09997558593738631,3.4950439453124993,7.099975585937273,0.005295968501046109,40.625
15m,sunpharma,low,32,0.3500366210939774,2.89002685546875,10.60009765625,0.018338232817894717,28.125
15m,sunpharma,close,32,0.0,0.0,0.0,0.0,100.0
15m,tataconsum,open,32,0.95001220703125,4.225,5.0,0.09248637529725916,12.5
15m,tataconsum,high,32,0.5,3.445013427734375,4.5,0.04738634944552841,18.75
15m,tataconsum,low,32,0.09997558593761369,1.6999786376952613,2.6000366210936363,0.010144658718662112,37.5
15m,tataconsum,close,32,0.0,0.0,3.20001220703125,0.0,96.875
15m,tatasteel,open,32,0.2050018310547017,0.6119949340820595,0.7400054931640909,0.10990432851583842,9.375
15m,tatasteel,high,32,0.02999877929686079,0.33449935913087786,0.3600006103515909,0.015914146883620188,31.25
15m,tatasteel,low,32,0.01999664306640625,0.21349639892576844,0.23001098632809658,0.010812306953646569,31.25
15m,tatasteel,close,32,0.0,0.0,0.0,0.0,100.0
15m,tcs,open,32,3.1500244140625,13.019848632812499,14.0,0.1500385959194004,9.375
15m,tcs,high,32,0.5499267578125,3.78992919921875,7.300048828125,0.02489869536359571,25.0
15m,tcs,low,32,0.2501220703125,2.329974365234499,8.800048828125,0.011146458803372596,34.375
15m,tcs,close,32,0.0,0.0,0.0,0.0,100.0
15m,techm,open,32,2.70001220703125,9.3249755859375,18.5999755859375,0.17293594903702506,3.125
15m,techm,high,32,0.199951171875,9.71500244140625,11.5999755859375,0.012663103222192471,34.375
15m,techm,low,32,0.14996337890625,3.08997802734375,5.4000244140625,0.009681402306935333,34.375
15m,techm,close,32,0.0,0.0,0.0,0.0,100.0
15m,titan,open,32,8.199951171875,22.174999999999997,48.0,0.1625707762527144,3.125
15m,titan,high,32,1.0,9.344946289062499,18.0,0.020135099973315366,34.375
15m,titan,low,32,0.0,5.284838867187499,7.5,0.0,56.25
15m,titan,close,32,0.0,0.0,0.0,0.0,100.0
15m,tmpv,open,32,0.5,1.245014953613281,3.54998779296875,0.17267464363171586,9.375
15m,tmpv,high,32,0.100006103515625,1.2325088500976555,3.29998779296875,0.033063441147237534,31.25
15m,tmpv,low,32,0.100006103515625,0.34998931884765627,0.9000244140625,0.03211097547310404,34.375
15m,tmpv,close,32,0.0,0.0,0.0,0.0,100.0
15m,trent,open,32,3.949951171875,11.714990234375,13.10009765625,0.13832231813758564,9.375
15m,trent,high,32,0.2498779296875,5.029968261718749,9.699951171875,0.008891691022723188,34.375
15m,trent,low,32,0.300048828125,2.965039062499999,4.199951171875,0.010310620581643786,34.375
15m,trent,close,32,0.0,0.0,0.0,0.0,100.0
15m,ultracemco,open,32,20.5,47.9,50.0,0.18237974507995522,6.25
15m,ultracemco,high,32,1.5,52.999999999999986,75.0,0.0132154783508352,18.75
15m,ultracemco,low,32,1.0,11.45,19.0,0.008777320015248023,40.625
15m,ultracemco,close,32,0.0,0.0,0.0,0.0,100.0
15m,wipro,open,32,0.07999420166015625,0.7619995117187497,0.959991455078125,0.04585170602300853,28.125
15m,wipro,high,32,0.0699920654296875,0.2725013732910156,0.38999938964849434,0.040136991935072,18.75
15m,wipro,low,32,0.02500152587890625,0.18349761962890623,0.2100067138671875,0.015678786282442056,31.25
15m,wipro,close,32,0.0,0.0,1.0,0.0,96.875
1h,adanient,open,462,3.307433998910369,17.770756754083294,80.07060110542125,0.1322949552051074,1.5151515151515151
1h,adanient,high,462,1.070975159851514,4.5175062243539275,78.43273746942896,0.04471123925518954,5.194805194805195
1h,adanient,low,462,1.9158893672808972,7.936475103990256,83.68248526253683,0.07682948078983759,6.277056277056277
1h,adanient,close,462,1.9908447265625,9.1302490234375,85.190673828125,0.08452232286804158,11.688311688311687
1h,adaniports,open,462,6.642325725278056,14.002372524913902,46.59951481200824,0.45027064696560765,1.7316017316017316
1h,adaniports,high,462,6.098280021728328,12.221507890488589,33.954833984375,0.42144133820474616,4.978354978354979
1h,adaniports,low,462,6.553996228985625,13.192943977018842,22.324155737230967,0.4490697272427056,3.0303030303030303
1h,adaniports,close,462,6.23846435546875,12.7597412109375,31.7548828125,0.42144677716162615,12.337662337662337
1h,apollohosp,open,462,23.401278590298716,60.08106678136046,214.78506177225154,0.3201597666148811,0.6493506493506493
1h,apollohosp,high,462,18.15301894078948,36.33107026925331,126.5126953125,0.24932261435798497,2.380952380952381
1h,apollohosp,low,462,20.566439816006095,41.19283077378658,214.78506177225154,0.27914988459900364,1.5151515151515151
1h,apollohosp,close,462,19.404052734375,41.5996826171875,113.3125,0.24932923126631362,7.35930735930736
1h,asianpaint,open,463,25.70124692155514,49.30590676652373,77.13776122217223,1.0289297675049505,0.8639308855291578
1h,asianpaint,high,463,24.125460009356175,46.661160969206044,113.054931640625,0.961665392425143,5.183585313174946
1h,asianpaint,low,463,25.084904093599107,46.968263223083156,77.13776122217223,1.0291048677479004,4.319654427645788
1h,asianpaint,close,463,24.366943359375,46.773046875,98.054931640625,1.025012768113699,13.174946004319654
1h,axisbank,open,463,1.8831106950813137,7.008733720999975,26.468188839562345,0.15907701119420203,1.079913606911447
1h,axisbank,high,463,0.9513985731650791,1.9798091296985145,40.15758305660802,0.07711998975408582,4.103671706263499
1h,axisbank,low,463,1.3183236532449882,3.4856480050945255,11.736942792300397,0.11135558826048408,3.8876889848812093
1h,axisbank,close,463,1.0400390625,3.9911743164062488,12.779296875,0.07712585964887834,10.583153347732182
1h,bajajauto,open,462,130.52153554045435,354.83066304107933,423.1432085052329,1.4275501356642777,0.4329004329004329
1h,bajajauto,high,462,127.00399069135983,345.0777283999358,439.51025390625,1.4073261416809664,7.35930735930736
1h,bajajauto,low,462,130.2036452353359,343.0522525435066,398.7044112652602,1.4288910998213042,4.545454545454546
1h,bajajauto,close,462,129.97265625,345.09072265625,413.7099609375,1.4073316200557338,11.255411255411255
1h,bajajfinsv,open,462,2.631971977176022,10.329173820041682,40.73176178249196,0.13409743460214835,1.0822510822510822
1h,bajajfinsv,high,462,1.6505684392377589,3.7890215683897233,30.9063720703125,0.08532935832609265,4.761904761904762
1h,bajajfinsv,low,462,2.095953711849802,5.662187305566827,35.8436279296875,0.11033083505139751,5.411255411255411
1h,bajajfinsv,close,462,1.7628173828125,7.3775756835937445,24.443603515625,0.08533441286910426,11.03896103896104
1h,bajfinance,open,462,6.878672228375251,3661.1091465702025,3877.1763944613303,0.7107883071187262,0.8658008658008658
1h,bajfinance,high,462,5.849996629534303,3687.2066388074954,3921.1801648655037,0.6147187757974465,4.329004329004329
1h,bajfinance,low,462,6.219319605973908,3615.6292628049673,3800.24535385028,0.6483059042374596,4.545454545454546
1h,bajfinance,close,462,6.221801757812557,3652.912469482422,3848.869873046875,0.6147243823627613,11.03896103896104
1h,bel,open,462,2.336660600296625,4.282545853767942,6.88981058449798,0.5800796198873593,0.6493506493506493
1h,bel,high,462,2.282902660114928,3.9059328179166357,8.148834228515625,0.5620483787287692,3.2467532467532463
1h,bel,low,462,2.3574814814245997,4.115205916468048,6.271601853040039,0.5868984769495869,3.896103896103896
1h,bel,close,462,2.326553344726534,4.167488098144531,7.87884521484375,0.5886467733184565,7.575757575757576
1h,bhartiartl,open,463,26.323588696992147,40.932086676947826,53.01662845097508,1.37559583323447,1.079913606911447
1h,bhartiartl,high,463,24.379544194568098,38.9353366053517,49.143310546875,1.2585219097649674,3.455723542116631
1h,bhartiartl,low,463,25.64584623584119,40.65121690790702,88.22308979576292,1.2913321887452571,3.8876889848812093
1h,bhartiartl,close,463,25.3834228515625,39.552246093749986,44.2637939453125,1.2585273049606278,10.367170626349893
1h,cipla,open,463,14.865799254961303,32.96744339903923,37.253007842766465,1.0054469439884512,1.7278617710583155
1h,cipla,high,463,13.842783828833717,29.991034775410185,48.7021484375,0.93175542771502,4.967602591792657
1h,cipla,low,463,14.19914628657989,30.435209209645244,36.24424031757417,0.9678837394044901,2.591792656587473
1h,cipla,close,463,14.0562744140625,30.374328613281246,46.4349365234375,0.9381562254686427,11.663066954643629
1h,coalindia,open,462,23.521289606818698,40.704787524195254,45.5787998724179,6.5399668808110825,0.21645021645021645
1h,coalindia,high,462,24.167162128568606,40.49890132379558,43.87861210126067,6.736689348683936,1.5151515151515151
1h,coalindia,low,462,24.138766443355024,40.05140944830674,43.14618761534092,6.792264256330579,0.8658008658008658
1h,coalindia,close,462,24.22718811035159,40.8364761352539,44.450927734375,6.758162080033328,4.112554112554113
1h,drreddy,open,462,8.829872563293065,19.83194006021705,46.21538047528145,0.7126845771569794,0.8658008658008658
1h,drreddy,high,462,7.980814488023952,16.33294126443193,29.7576904296875,0.6341622745004805,3.0303030303030303
1h,drreddy,low,462,8.530743724037734,17.365206608095036,53.69569402612842,0.682328749621174,4.112554112554113
1h,drreddy,close,462,8.2901611328125,17.22119140625,27.4576416015625,0.6341701121748076,9.307359307359308
1h,eichermot,open,462,80.43291365130972,140.3259728366952,183.98126353668795,1.14081297688357,1.2987012987012987
1h,eichermot,high,462,75.869878889534,128.13662906266762,211.0634765625,1.0471845039025158,2.813852813852814
1h,eichermot,low,462,79.64843087919598,130.61753048609702,163.20893182693635,1.1152987639849117,3.896103896103896
1h,eichermot,close,462,79.072265625,129.2103515625,193.46337890625,1.062153943064863,9.307359307359308
1h,eternal,open,365,0.29998779296875,1.80001220703125,9.110000610351562,0.10864893607760925,14.520547945205479
1h,eternal,high,365,0.04998779296875,0.649993896484375,11.610000610351562,0.01634852379513175,35.342465753424655
1h,eternal,low,365,0.07000732421875,0.6919830322265743,8.80999755859375,0.02974159212360595,23.835616438356162
1h,eternal,close,365,0.199981689453125,1.35,10.839996337890597,0.0686389834061977,33.15068493150685
1h,grasim,open,462,12.51477990788976,25.56291140808782,40.46818724313698,0.4469782647502016,0.0
1h,grasim,high,462,9.068760199338158,18.52553780427031,41.9208984375,0.3115252581358889,2.380952380952381
1h,grasim,low,462,10.750448214588687,21.897445288380617,44.17404769378072,0.3788029460005459,4.545454545454546
1h,grasim,close,462,9.774169921875,19.582702636718746,44.259765625,0.3115297826589975,8.441558441558442
1h,hcltech,open,462,60.83787776315114,136.44062193558662,149.10454969694683,4.015464092167035,0.8658008658008658
1h,hcltech,high,462,59.55112488617124,136.46613377078643,141.54070306224162,3.700786870238161,4.978354978354979
1h,hcltech,low,462,59.89084740538647,134.34793985055083,142.43322913258748,3.9536822566578325,4.329004329004329
1h,hcltech,close,462,59.598388671875,134.74962768554687,144.47937011718727,3.7523360402178754,10.38961038961039
1h,hdfcbank,open,462,16.450894370317542,29.131841553050712,32.91738706726437,1.7778412001466508,1.5151515151515151
1h,hdfcbank,high,462,16.047508738307613,28.49083064230292,38.6343994140625,1.6539420596267758,6.926406926406926
1h,hdfcbank,low,462,16.131226392323583,28.533673579445338,30.646115944602457,1.6951584714582888,4.545454545454546
1h,hdfcbank,close,462,16.180053710937557,28.313967895507698,37.93438720703125,1.7005606882297162,10.38961038961039
1h,hdfclife,open,462,3.1080643092057585,6.712343124868886,13.53469457411893,0.4368542948267788,1.0822510822510822
1h,hdfclife,high,462,2.579895996181847,4.619789927231533,15.81658935546875,0.349713968701458,5.411255411255411
1h,hdfclife,low,462,2.8096190667762357,5.480592792857504,16.701288184408554,0.38390430404244663,4.545454545454546
1h,hdfclife,close,462,2.6910400390625,4.902615356445312,14.66656494140625,0.3564167498083856,11.255411255411255
1h,hindalco,open,463,5.308216338461989,10.85179273790071,29.50026375752725,0.6283729426063223,1.079913606911447
1h,hindalco,high,463,4.976889182999571,8.514754012885486,29.23968581160102,0.5216719299377296,4.319654427645788
1h,hindalco,low,463,5.668756229086966,9.228493706702737,37.65772068161016,0.5958672566392436,3.6717062634989204
1h,hindalco,close,463,5.396728515625,9.025488281249999,24.56304931640625,0.5358951750942225,10.367170626349893
1h,hindunilvr,open,463,40.164278237706185,70.97084588406942,96.19375596863256,1.6263645848499648,2.375809935205184
1h,hindunilvr,high,463,40.20467195156107,67.4218441180055,104.57080078125,1.650915802648659,5.183585313174946
1h,hindunilvr,low,463,42.7928000660354,68.3384994465463,86.62598435559539,1.8112509731074276,6.047516198704104
1h,hindunilvr,close,463,41.0439453125,69.1862060546875,92.120849609375,1.6883401969297909,11.879049676025918
1h,icicibank,open,463,13.863071679743598,25.915966863551688,34.3944091796875,1.0273240919289366,0.4319654427645789
1h,icicibank,high,463,11.607418313159997,23.09140071946647,64.6444091796875,0.8430500651235036,3.8876889848812093
1h,icicibank,low,463,12.25121910491589,23.407796543011226,45.334282065741036,0.8979654417046808,3.6717062634989204
1h,icicibank,close,463,12.0208740234375,23.56181640625,62.744384765625,0.8796131594699467,9.287257019438446
1h,indigo,open,463,8.688170272782372,36.46000976562499,77.0,0.16899161481306885,7.991360691144708
1h,indigo,high,463,3.0529429864482154,11.399999999999977,52.41455078125,0.06188665900450889,19.43844492440605
1h,indigo,low,463,6.0,23.942948210424117,170.4742270366778,0.11846001974333661,16.630669546436287
1h,indigo,close,463,4.0,19.424658203124984,133.0,0.07735447689035002,34.12526997840173
1h,infy,open,463,45.39030480643669,96.90611727183034,108.62710720573591,3.084568335485661,1.2958963282937366
1h,infy,high,463,48.50878814449811,95.18090855305026,101.214599609375,3.16102350524864,4.751619870410368
1h,infy,low,463,50.9261081169052,94.70364519220269,152.3913624767879,3.7279423959172497,5.183585313174946
1h,infy,close,463,41.08544921875,94.466357421875,99.7139892578125,2.6804574891495547,11.23110151187905
1h,itc,open,462,18.825875303016602,52.877848768852495,56.31090893173467,4.877180920054309,3.463203463203463
1h,itc,high,462,18.839260814357488,53.125587071219556,54.966953162560344,4.852374105757811,8.225108225108226
1h,itc,low,462,18.87531574017251,52.1225239081875,54.48394167817668,4.889882975044587,5.844155844155844
1h,itc,close,462,18.92706298828122,52.75224304199213,56.47207641601557,4.877187234056237,10.606060606060606
1h,jiofin,open,463,0.8224265401243258,1.818556407621173,3.373870849609375,0.2972536508486071,1.079913606911447
1h,jiofin,high,463,0.6934698969893134,1.2545997576495325,6.8338775634765625,0.23419107604214254,2.159827213822894
1h,jiofin,low,463,0.7757005921388895,1.5018529530799518,7.653745044331885,0.28203583370174756,4.535637149028078
1h,jiofin,close,463,0.84368896484375,1.8664672851562492,6.5838775634765625,0.29915679560256586,8.207343412526997
1h,jswsteel,open,463,6.8714237324595615,13.014825052093219,21.74347817532191,0.6017335832250487,0.8639308855291578
1h,jswsteel,high,463,6.696832997202364,8.552003451769894,23.9000244140625,0.5743852467897561,3.6717062634989204
1h,jswsteel,low,463,7.386727987469612,10.346924896788629,30.2408188740568,0.6228185087017235,3.455723542116631
1h,jswsteel,close,463,6.9600830078125,9.903027343749999,17.729125976562386,0.5743925229554318,10.151187904967603
1h,kotakbank,open,463,0.962208879984928,2.69409574173556,5.058106185540623,0.2384091231829024,1.7278617710583155
1h,kotakbank,high,463,0.6947220137046202,1.2431586307543057,10.265289306640625,0.1726423685702816,4.103671706263499
1h,kotakbank,low,463,0.8434281319176762,1.843455400290906,6.79048277677191,0.2123924152316139,4.103671706263499
1h,kotakbank,close,463,0.7444458007811932,1.729611206054641,9.325286865234432,0.1726523297602149,10.367170626349893
1h,lt,open,463,38.14863437750364,73.55370995842712,127.65391162200285,0.9933391574502841,2.375809935205184
1h,lt,high,463,37.17855572105691,68.98489906771601,164.93603515625,0.9741804144590647,7.991360691144708
1h,lt,low,463,38.76593904946094,70.74869269904565,133.29872797960707,0.9946535325516535,6.911447084233262
1h,lt,close,463,38.24951171875,71.25021972656249,156.986083984375,0.9767373125751679,12.095032397408207
1h,m&m,open,462,38.311761659855165,66.56415280422713,89.59823132901283,1.1568046822137603,0.8658008658008658
1h,m&m,high,462,36.366125267273674,57.341876397748635,190.310302734375,1.0501478546017184,5.844155844155844
1h,m&m,low,462,37.43503051148832,57.76699978118402,66.01025390625,1.0774981323424795,5.194805194805195
1h,m&m,close,462,37.739013671875,58.05606689453125,179.91015625,1.0580353340662543,11.255411255411255
1h,maruti,open,463,161.13672879177284,274.66352108581304,402.3044040975765,1.084869626027286,1.079913606911447
1h,maruti,high,463,159.08060925729842,260.6509271705021,417.4609375,1.0043041606886627,3.2397408207343417
1h,maruti,low,463,162.25869914193208,266.4072908622229,465.7809897010138,1.0509612115007447,3.8876889848812093
1h,maruti,close,463,160.5615234375,262.40576171875,398.2109375,1.0043084952461157,8.207343412526997
1h,maxhealth,open,462,2.750742920843038,10.194227778888433,38.7086655872655,0.2605029415208663,1.0822510822510822
1h,maxhealth,high,462,1.8876398467451736,3.5638286211075636,25.018432617187614,0.1777135781439791,4.112554112554113
1h,maxhealth,low,462,2.345290144290061,6.134759848094265,38.75856470254212,0.21989538256486835,3.0303030303030303
1h,maxhealth,close,462,1.99462890625,6.148431396484373,22.518432617187614,0.17771736961275716,11.03896103896104
1h,nestleind,open,464,12.594898518505147,24.24190621260153,30.860598698455533,1.0232137412165938,0.43103448275862066
1h,nestleind,high,464,12.216648269597272,22.903305747274146,31.3922119140625,1.007534377140669,2.8017241379310347
1h,nestleind,low,464,12.689037378776334,23.01688602202988,58.16289885473634,1.0319498878121298,2.8017241379310347
1h,nestleind,close,464,12.303466796875,23.146868896484374,30.344970703125,1.0232132304151376,10.775862068965516
1h,ntpc,open,462,8.586610706654909,15.500550970198727,17.58815706476986,2.5741528080265614,0.21645021645021645
1h,ntpc,high,462,8.639859818655538,14.984105674575334,18.230743408203125,2.6330565812886073,1.5151515151515151
1h,ntpc,low,462,8.817337707034056,14.786015499806318,16.23935110500247,2.708058232512,0.6493506493506493
1h,ntpc,close,462,8.72943115234375,15.404823303222656,18.8800048828125,2.7005476536178965,4.545454545454546
1h,ongc,open,462,11.895269993075232,19.117952686175737,24.29943096510297,5.250312667787456,0.6493506493506493
1h,ongc,high,462,11.869885971329381,19.038041532993446,24.195409458641194,5.267201888436387,1.2987012987012987
1h,ongc,low,462,11.929212856513402,18.88204142545321,23.815523094465505,5.307534043065207,1.2987012987012987
1h,ongc,close,462,12.041221618652386,19.236158752441405,24.306243896484403,5.307526215987156,4.112554112554113
1h,powergrid,open,462,8.51751318154487,15.240513053241934,17.716282706561117,3.133105183650949,0.8658008658008658
1h,powergrid,high,462,8.746389816742209,15.034287937120975,16.29377439617491,3.197012201356392,1.2987012987012987
1h,powergrid,low,462,9.003439438583968,14.86338507319734,16.081524913369947,3.3029838270118628,4.112554112554113
1h,powergrid,close,462,8.585098266601562,14.97762451171875,17.391937255859375,3.1812331112827525,7.575757575757576
1h,reliance,open,463,7.456009420854798,14.687311571875851,19.5572509765625,0.5351868758075359,2.591792656587473
1h,reliance,high,463,6.710859514446611,12.337369110762301,19.6572265625,0.46235694482277834,5.831533477321814
1h,reliance,low,463,7.247880826735809,12.758369761498898,34.225427063180405,0.49889173342471244,6.263498920086392
1h,reliance,close,463,7.78662109375,13.00848388671875,15.8179931640625,0.5445489754633582,10.799136069114471
1h,sbilife,open,463,3.4640826033619305,12.314147180739372,42.63813324884495,0.1965284981988225,1.7278617710583155
1h,sbilife,high,463,2.380695427316141,5.3224624712772535,27.576205466332567,0.1292581837465257,9.071274298056156
1h,sbilife,low,463,2.770185045793596,8.59500618134749,48.21466793458717,0.14455436424171264,8.423326133909287
1h,sbilife,close,463,2.5139160156252274,7.1144287109375,28.7899169921875,0.13901148194567473,21.382289416846653
1h,sbin,open,462,16.802931223420615,30.977739615342774,42.36663030310524,1.8025068511682576,3.463203463203463
1h,sbin,high,462,16.882004252091235,30.520466687690448,41.9866943359375,1.796712136867043,7.35930735930736
1h,sbin,low,462,17.07757650867967,30.20107505108112,31.941073152155468,1.8120858358579899,6.70995670995671
1h,sbin,close,462,16.79205322265625,30.880398559570313,41.13671875,1.802506417491193,11.471861471861471
1h,shriramfin,open,463,7.388558249584207,13.289212327924133,22.530358407737936,1.0411194458966215,0.8639308855291578
1h,shriramfin,high,463,6.132283577983571,12.181208394336624,32.11029052734375,0.9673098413061184,4.103671706263499
1h,shriramfin,low,463,7.168358619887613,12.732127615730882,28.381663909374424,1.1784773352425826,3.2397408207343417
1h,shriramfin,close,463,7.23138427734375,12.252191162109375,29.060302734375,1.0296612063925485,9.719222462203025
1h,sunpharma,open,462,15.19882246212967,33.889042084307476,49.25374510817869,0.9043108353545638,1.0822510822510822
1h,sunpharma,high,462,14.709639517412711,33.01532127898295,67.1668701171875,0.8889669358697206,3.67965367965368
1h,sunpharma,low,462,15.395399538935294,33.05585640351702,36.76338775322961,0.919556406709433,3.463203463203463
1h,sunpharma,close,462,15.13543701171875,32.79707641601563,65.4168701171875,0.9133624270293115,11.255411255411255
1h,tataconsum,open,462,10.125491848970682,20.271286339158557,43.93372742264535,0.9170511863167745,1.7316017316017316
1h,tataconsum,high,462,9.3517676512065,17.478103162540844,24.251708984375,0.8373895655567646,5.627705627705628
1h,tataconsum,low,462,9.801281421646195,18.044327163430193,32.43372742264535,0.8744384955562363,5.194805194805195
1h,tataconsum,close,462,9.6656494140625,17.56920166015625,23.251708984375,0.8461670587481392,12.554112554112553
1h,tatasteel,open,462,3.727749275699807,6.66277742288744,7.4972076416015625,2.0747078388807925,3.2467532467532463
1h,tatasteel,high,462,3.7182787306867624,6.645731798127767,9.44720458984375,2.0568312783447222,4.761904761904762
1h,tatasteel,low,462,3.8144529723217317,6.689721091264076,7.110864146330357,2.0883488460964155,4.761904761904762
1h,tatasteel,close,462,3.704383850097642,6.533784484863281,9.267196655273438,2.0622817680313195,11.255411255411255
1h,tcs,open,463,117.31062671973268,290.00017595497826,329.9572749061581,3.883943707593825,1.2958963282937366
1h,tcs,high,463,117.37771233268995,292.0643958271776,308.6022104810145,3.7642794406010607,3.2397408207343417
1h,tcs,low,463,117.41323297496729,287.9991541991153,304.9459899001922,3.83404969163996,3.2397408207343417
1h,tcs,close,463,117.794189453125,290.86359863281245,309.64599609375,3.8411174088553697,10.583153347732182
1h,techm,open,463,46.08878638886131,92.93276726962145,107.50866125133098,3.148314800877341,0.4319654427645789
1h,techm,high,463,43.80261203320151,90.98690011635499,94.91815389535736,2.598720305066753,4.751619870410368
1h,techm,low,463,44.92634512642417,91.02461703223668,114.54263440484146,3.0828038582156565,4.535637149028078
1h,techm,close,463,44.791748046875,91.41591796875,98.1683349609375,3.0987156296437277,11.447084233261338
1h,titan,open,462,15.083611753262403,33.50676528713263,82.98142902280551,0.41293751022966213,0.21645021645021645
1h,titan,high,462,13.261970433535225,22.09074496309097,87.84228515625,0.3281277154570555,5.194805194805195
1h,titan,low,462,14.49820850855599,23.833980644158007,77.00138276136522,0.35702315068247165,4.761904761904762
1h,titan,close,462,13.4097900390625,24.6725341796875,82.4921875,0.32813176697839025,10.822510822510822
1h,tmpv,open,231,2.649993896484375,4.266254425877548,6.745276923959807,0.7453150602176802,2.5974025974025974
1h,tmpv,high,231,2.790619825671797,3.2775525668087653,3.4376876528176012,0.7868528640132605,9.090909090909092
1h,tmpv,low,231,2.9000344298669916,3.629032915456719,9.224709262430508,0.8295327659319762,7.35930735930736
1h,tmpv,close,231,2.7003173828125,3.8777313232421875,5.20855712890625,0.7721069994297952,19.480519480519483
1h,trent,open,462,1566.4768731826043,2275.2934613586635,2436.0406045212094,33.07543730678932,0.8658008658008658
1h,trent,high,462,1575.5631354324528,2292.5430721268285,2483.2432544895546,33.1962760527191,4.761904761904762
1h,trent,low,462,1539.6860811307333,2229.5163965397387,2411.0966660150616,33.16588270473805,4.112554112554113
1h,trent,close,462,1555.689208984375,2260.392919921875,2441.74609375,33.15734368835436,11.688311688311687
1h,ultracemco,open,462,254.13119583021853,340.7325210620723,686.0396217078687,2.1850592486594276,0.4329004329004329
1h,ultracemco,high,462,244.15091297430536,314.96401208705873,473.982421875,2.0411596290976326,2.380952380952381
1h,ultracemco,low,462,252.70971971103063,324.06601279752476,597.0396217078687,2.0965186865187233,3.463203463203463
1h,ultracemco,close,462,248.65087890625,320.93896484375,427.08203125,2.0411651488735227,9.523809523809524
1h,wipro,open,463,9.01989358822567,21.96268773017722,24.485822179031743,3.7492161279403717,3.023758099352052
1h,wipro,high,463,9.021413668586092,22.146419626716863,24.566212338568903,3.744987620983996,2.159827213822894
1h,wipro,low,463,9.020436998781378,21.78578539710785,23.370136631728542,3.7708828007075907,3.6717062634989204
1h,wipro,close,463,9.038543701171875,22.111361694335937,23.779693603515625,3.753316889365383,9.071274298056156
