sym,n,zvol,ho,hc,lo,lc,ho_v
nestleind,5998,1723,35.77859286428809,28.79293097699233,34.161387129043014,28.74291430476826,9.894736842105264
tcs,5996,316,13.642428285523684,5.203468979319546,11.440960640426951,5.220146764509673,8.838028169014084
eichermot,6675,68,13.003745318352061,2.262172284644195,11.55056179775281,2.1123595505617976,12.108369910700773
bajfinance,6025,39,12.780082987551866,1.3278008298755186,12.763485477178424,1.7095435684647304,12.211827597728032
axisbank,6675,64,11.910112359550562,1.5730337078651686,7.415730337078652,1.5131086142322097,11.057328694599908
shriramfin,6028,48,11.894492368944924,1.3769077637690776,10.384870603848706,1.7750497677504977,11.187290969899665
trent,6025,38,11.751037344398341,0.7302904564315353,11.535269709543568,0.8132780082987552,11.190913646233506
asianpaint,6025,37,11.20331950207469,0.7468879668049793,9.244813278008298,0.7800829875518672,10.654642618570474
apollohosp,6025,37,11.153526970954356,0.7136929460580913,8.448132780082988,0.6639004149377593,10.604542418169673
drreddy,6675,63,10.936329588014981,1.0936329588014981,8.928838951310862,1.1086142322097379,10.087719298245613
infy,6678,66,10.58700209643606,1.332734351602276,9.014675052410901,1.2129380053908356,9.69449485783424
hdfcbank,6678,66,10.362383947289608,1.1680143755615455,8.206049715483678,1.1680143755615455,9.467634603750756
bhartiartl,6025,37,10.340248962655602,0.6970954356846473,6.788381742738589,0.7634854771784232,9.78623914495658
hindunilvr,6678,66,10.287511230907457,0.9433962264150944,6.978137166816412,0.8984725965858041,9.392014519056263
ultracemco,5995,44,10.225187656380317,0.884070058381985,8.29024186822352,0.8507089241034195,9.561418249033776
sunpharma,6678,66,10.182689427972447,1.2428870919436956,8.89487870619946,1.1829889188379754,9.286146400483968
hindalco,6678,66,10.017969451931716,1.093141659179395,8.475591494459419,1.0482180293501049,9.11978221415608
bajajauto,6028,90,10.003317850033179,1.559389515593895,8.676177836761777,1.5262110152621102,8.639272482317278
bajajfinsv,5994,75,9.926593259926593,1.9185852519185853,10.226893560226893,1.7183850517183852,8.785267781719885
tataconsum,6675,63,9.842696629213483,0.9737827715355805,7.775280898876405,0.9887640449438202,8.98366606170599
wipro,6678,66,9.808325846061695,1.4076070679844266,7.202755315962864,1.4675052410901468,8.908045977011495
bel,6025,37,9.676348547717842,0.6473029045643153,7.452282157676349,0.7136929460580913,9.118236472945892
cipla,6677,65,9.660026958214766,1.0483750187209824,7.2337876291747785,1.0633518047027108,8.771929824561402
kotakbank,6287,50,9.60712581517417,0.9543502465404804,8.016542070940034,1.2406553205026245,8.882475549142216
ongc,6675,63,9.52808988764045,1.0337078651685392,7.415730337078652,1.0337078651685392,8.66606170598911
tmpv,6678,66,9.269242288110213,1.078167115902965,6.738544474393531,1.1380652890086853,8.36358136721113
m&m,6676,65,9.107249850209707,1.0035949670461353,7.62432594367885,1.153385260635111,8.21358342157011
adanient,6027,39,8.97627343620375,1.758752281400365,6.902273104363697,1.2775842044134729,8.383433533734134
titan,6678,66,8.924827792752321,1.1829889188379754,8.011380652890086,1.1680143755615455,8.015728977616456
itc,6675,62,8.779026217228465,1.0337078651685392,7.2659176029962556,0.9288389513108614,7.923786481173447
hcltech,5999,93,8.718119686614436,0.48341390231705283,6.76779463243874,0.5000833472245374,8.279715543515069
icicibank,6025,37,8.66390041493776,0.6473029045643153,7.286307053941908,0.6639004149377593,8.099532398129593
maxhealth,1518,6,8.432147562582346,0.7905138339920948,4.413702239789196,0.7905138339920948,8.068783068783068
jswsteel,5805,60,8.320413436692506,1.1369509043927648,6.752799310938847,1.3092161929371233,7.362924281984334
reliance,6675,63,8.149812734082397,0.9887640449438202,7.235955056179775,1.00374531835206,7.274652147610405
tatasteel,6678,66,7.846660676849355,0.9134471398622341,6.2443845462713385,0.883498053309374,6.926799758015729
maruti,5761,31,7.828501996181219,0.5728172192327721,6.405137996875543,0.6422496094428051,7.329842931937172
powergrid,4687,11,7.659483678259014,0.32003413697461064,6.486025176018775,0.3840409643695327,7.442258340461934
lt,6028,62,7.581287325812873,1.06171201061712,7.067020570670206,1.06171201061712,6.620851491786792
ntpc,5414,15,7.388252678241596,0.33247137052087183,5.688954562246029,0.3509420022164758,7.130950175958511
eternal,1289,9,7.370054305663305,1.008533747090768,3.8789759503491075,0.6982156710628394,6.71875
sbin,6676,64,7.369682444577591,1.018573996405033,6.141402037147993,1.018573996405033,6.47307924984876
grasim,6025,37,7.203319502074688,0.6970954356846473,8.016597510373444,0.6970954356846473,6.629926519706079
sbilife,2228,6,7.046678635547576,0.3590664272890485,6.822262118491921,0.3590664272890485,6.795679567956796
techm,4962,11,6.993147924224104,0.24183796856106407,6.630390971382508,0.2619911326078194,6.786507776206826
indigo,2693,5,6.75826216115856,0.37133308577794283,5.681396212402525,0.25993316004455996,6.584821428571429
adaniports,4651,15,6.471726510427865,0.4515158030531069,5.267684368952914,0.38701354547409156,6.169111302847282
jiofin,774,7,6.459948320413436,1.937984496124031,3.7467700258397936,2.7131782945736433,5.60625814863103
coalindia,3928,8,5.982688391038696,0.30549898167006106,5.142566191446028,0.17820773930753564,5.790816326530612
hdfclife,2196,6,5.327868852459016,0.4098360655737705,4.462659380692167,0.45537340619307837,5.068493150684931
