symbol,tf,bars,start,end,span_days,px_first,px_last,gaps,max_gap_days,bad_ohlc,zero_price,dup_ts,nonpos_vol,flat_frac,median_vol
adaniports,15m,1020,2026-06-29,2026-08-24,56,1778.5,1672.0999755859375,40,2.7604166666666665,0,0,0,0,0.0245,46322.5
apollohosp,15m,1017,2026-06-29,2026-08-24,56,8656.0,8702.0,40,2.7604166666666665,0,0,0,0,0.0226,7856.0
asianpaint,15m,1017,2026-06-29,2026-08-24,56,2672.10009765625,2640.800048828125,40,2.7604166666666665,0,0,0,0,0.0138,22743.0
axisbank,15m,1023,2026-06-29,2026-08-24,56,1384.0,1236.0,40,2.7604166666666665,0,0,0,0,0.0205,169712.0
bajaj-auto,15m,1019,2026-06-29,2026-08-24,56,9826.0,11800.0,40,2.7604166666666665,0,0,0,1,0.0275,8898.0
bajajfinsv,15m,1017,2026-06-29,2026-08-24,56,1781.5,2001.699951171875,40,2.7604166666666665,0,0,0,1,0.0138,31548.0
bajfinance,15m,1020,2026-06-29,2026-08-24,56,989.7000122070312,1077.0,40,2.75,0,0,0,1,0.0216,214380.0
bel,15m,1047,2026-06-29,2026-08-25,57,407.75,412.0,41,2.75,0,0,0,0,0.0296,302895.0
bhartiartl,15m,1020,2026-06-29,2026-08-24,56,1840.5,1935.0,40,2.7604166666666665,0,0,0,0,0.0206,159230.5
cipla,15m,1044,2026-06-29,2026-08-25,57,1451.699951171875,1418.800048828125,41,2.7604166666666665,0,0,0,1,0.0211,26654.5
coalindia,15m,1047,2026-06-29,2026-08-25,57,437.8999938964844,401.7000122070313,41,2.75,0,0,0,1,0.0535,147244.0
drreddy,15m,1044,2026-06-29,2026-08-25,57,1399.5,1187.9000244140625,41,2.75,0,0,0,0,0.0268,51496.5
eichermot,15m,1044,2026-06-29,2026-08-25,57,7549.0,8058.5,41,2.7604166666666665,0,0,0,1,0.0297,13756.5
eternal,15m,1024,2026-06-29,2026-08-24,56,258.6000061035156,327.1499938964844,40,2.75,0,0,0,0,0.043,849556.0
grasim,15m,1045,2026-06-29,2026-08-25,57,3126.199951171875,3254.89990234375,41,2.75,0,0,0,1,0.0134,16614.0
hcltech,15m,1043,2026-06-29,2026-08-25,57,1091.4000244140625,1307.5999755859375,41,2.7604166666666665,0,0,0,1,0.024,77967.0
hdfcbank,15m,1024,2026-06-29,2026-08-24,56,795.6500244140625,729.0,40,2.75,0,0,0,1,0.0361,832999.0
hdfclife,15m,1023,2026-06-29,2026-08-24,56,583.6500244140625,552.9500122070312,40,2.75,0,0,0,1,0.0293,75636.0
hindalco,15m,1024,2026-06-29,2026-08-24,56,959.4000244140624,1058.5,40,2.75,0,0,0,0,0.0137,133130.0
hindunilvr,15m,1020,2026-06-29,2026-08-24,56,2176.39990234375,2030.0,40,2.7604166666666665,0,0,0,0,0.0176,41613.5
icicibank,15m,1022,2026-06-29,2026-08-24,56,1390.0999755859375,1415.0,40,2.7604166666666665,0,0,0,0,0.0284,323325.5
indigo,15m,1042,2026-06-29,2026-08-25,57,5388.7998046875,5169.0,41,2.7604166666666665,0,0,0,0,0.0211,18189.0
infy,15m,1046,2026-06-29,2026-08-25,57,1035.800048828125,1129.199951171875,41,2.75,0,0,0,1,0.0239,325815.5
itc,15m,1046,2026-06-29,2026-08-25,57,290.3999938964844,270.1000061035156,41,2.75,0,0,0,1,0.0679,375766.5
jiofin,15m,1048,2026-06-29,2026-08-25,57,238.3999938964844,242.3999938964844,41,2.75,0,0,0,1,0.041,360953.0
jswsteel,15m,1040,2026-06-29,2026-08-25,57,1245.5,1315.0999755859375,41,2.7604166666666665,0,0,0,2,0.0163,38969.5
kotakbank,15m,1024,2026-06-29,2026-08-24,56,398.9500122070313,401.4500122070313,40,2.75,0,0,0,0,0.04,380624.0
lt,15m,1046,2026-06-29,2026-08-25,57,4217.0,4115.10009765625,41,2.75,0,0,0,1,0.0124,52214.0
m&m,15m,1043,2026-06-29,2026-08-25,57,3144.39990234375,3435.39990234375,41,2.75,0,0,0,2,0.0134,68994.0
maruti,15m,1022,2026-06-29,2026-08-24,56,13748.0,13620.0,40,2.75,0,0,0,0,0.0157,11327.0
maxhealth,15m,1047,2026-06-29,2026-08-25,57,1141.1500244140625,1006.5,41,2.75,0,0,0,1,0.0115,45149.0
nestleind,15m,1041,2026-06-29,2026-08-25,57,1411.5999755859375,1468.0,41,2.7604166666666665,0,0,0,1,0.0221,61000.0
ntpc,15m,1046,2026-06-29,2026-08-25,57,352.8999938964844,338.20001220703125,41,2.75,0,0,0,0,0.0411,250855.0
ongc,15m,1047,2026-06-29,2026-08-25,57,236.8999938964844,234.0399932861328,41,2.75,0,0,0,1,0.0172,361679.0
powergrid,15m,1048,2026-06-29,2026-08-25,57,285.3500061035156,270.54998779296875,41,2.75,0,0,0,1,0.0534,218280.0
reliance,15m,1047,2026-06-29,2026-08-25,57,1310.5999755859375,1311.0,41,2.7604166666666665,0,0,0,2,0.0363,312595.0
sbilife,15m,1017,2026-06-29,2026-08-24,56,1764.5,1761.800048828125,40,2.7604166666666665,0,0,0,1,0.0157,21359.0
sbin,15m,1046,2026-06-29,2026-08-25,57,1042.5,1042.9000244140625,41,2.7604166666666665,0,0,0,0,0.0277,292935.5
shriramfin,15m,1021,2026-06-29,2026-08-24,56,1054.300048828125,1119.0,40,2.7604166666666665,0,0,0,1,0.0206,132245.0
sunpharma,15m,1043,2026-06-29,2026-08-25,57,1886.0,1915.300048828125,41,2.7604166666666665,0,0,0,1,0.0182,53272.0
tataconsum,15m,1022,2026-06-29,2026-08-24,56,1130.5,1062.5,40,2.75,0,0,0,0,0.0303,41479.0
tatasteel,15m,1046,2026-06-29,2026-08-25,57,189.8000030517578,184.4900054931641,41,2.75,0,0,0,2,0.0182,629944.0
tcs,15m,1022,2026-06-29,2026-08-24,56,2084.699951171875,2284.10009765625,40,2.7604166666666665,0,0,0,0,0.0127,105682.5
techm,15m,1046,2026-06-29,2026-08-25,57,1448.5,1583.800048828125,41,2.75,0,0,0,1,0.0172,68416.5
titan,15m,1022,2026-06-29,2026-08-24,56,4288.7998046875,5079.0,40,2.7604166666666665,0,0,0,0,0.0059,20238.5
tmpv,15m,1025,2026-06-29,2026-08-24,56,352.95001220703125,314.3999938964844,40,2.75,0,0,0,1,0.0371,244369.0
trent,15m,1020,2026-06-29,2026-08-24,56,3287.10009765625,2905.0,40,2.7604166666666665,0,0,0,0,0.0108,27306.0
ultracemco,15m,1018,2026-06-29,2026-08-24,56,11502.0,11504.0,40,2.75,0,0,0,1,0.0314,6078.5
wipro,15m,1024,2026-06-29,2026-08-24,56,175.82000732421875,181.30999755859372,40,2.75,0,0,0,1,0.0205,344602.0
